Name,Mean,MeanLB,MeanUB,Stddev,StddevLB,StddevUB
"Bench.Data.DeBruijn.Index/thin/Unsafe/[0,0]",6.1720799039256615e-9,6.168734044867594e-9,6.177286339984849e-9,1.3784881007581585e-11,9.515231078349307e-12,2.1137700469883338e-11
"Bench.Data.DeBruijn.Index/thin/Unsafe/[0,1]",6.179174419492689e-9,6.174681082937621e-9,6.188596621012493e-9,1.9144149412998877e-11,1.0216543742134706e-11,3.2178354233451416e-11
"Bench.Data.DeBruijn.Index/thin/Unsafe/[0,100]",6.179487261159678e-9,6.175990866926407e-9,6.184827806304963e-9,1.4643498822000204e-11,9.569481013364505e-12,2.207327904406798e-11
"Bench.Data.DeBruijn.Index/thin/Unsafe/[10,0]",6.137327531278807e-9,6.133596482020089e-9,6.143229181819711e-9,1.582870847270875e-11,8.79694869636497e-12,2.360096822798303e-11
"Bench.Data.DeBruijn.Index/thin/Unsafe/[10,9]",6.140700161123653e-9,6.137090409938675e-9,6.146095453659255e-9,1.5927147175068936e-11,1.1080669928351003e-11,2.171949079444218e-11
"Bench.Data.DeBruijn.Index/thin/Unsafe/[10,10]",6.18388849105022e-9,6.176904792679556e-9,6.196397567814306e-9,2.9152817950093533e-11,1.8204649246013044e-11,4.213527996172277e-11
"Bench.Data.DeBruijn.Index/thin/Unsafe/[10,11]",6.179241534463607e-9,6.174215114168131e-9,6.1873425068458016e-9,2.1332651349792442e-11,1.4173338467320562e-11,3.0128325443243244e-11
"Bench.Data.DeBruijn.Index/thin/Unsafe/[10,100]",6.176972394509601e-9,6.170896896821857e-9,6.185877808475053e-9,2.473483818848332e-11,1.5266174298396595e-11,3.364570641666971e-11
"Bench.Data.DeBruijn.Index/thin/Unsafe/[20,0]",6.1387635378055565e-9,6.132662213845807e-9,6.152170014983806e-9,3.036953274840011e-11,1.7167835597915532e-11,5.6590439455315355e-11
"Bench.Data.DeBruijn.Index/thin/Unsafe/[20,19]",6.1384625040332296e-9,6.133360119330448e-9,6.14683641617891e-9,2.1601781685068365e-11,1.5427819245909545e-11,3.047817416766896e-11
"Bench.Data.DeBruijn.Index/thin/Unsafe/[20,20]",6.182740093830846e-9,6.176319212220152e-9,6.1932973014913695e-9,2.737409321553671e-11,1.7585927188073182e-11,4.477641873867499e-11
"Bench.Data.DeBruijn.Index/thin/Unsafe/[20,21]",6.181110487616535e-9,6.175298486156796e-9,6.193054350677662e-9,2.617425304726642e-11,1.7209280530210946e-11,4.156846453762316e-11
"Bench.Data.DeBruijn.Index/thin/Unsafe/[20,100]",6.1837708133036946e-9,6.17754411045769e-9,6.194620483617262e-9,2.4626506995438108e-11,1.6219982219366553e-11,3.484150740774032e-11
"Bench.Data.DeBruijn.Index/thin/Unsafe/[30,0]",6.138515129414761e-9,6.133056576124036e-9,6.1486513468985755e-9,2.3515014703619915e-11,1.601967769998376e-11,3.620486927320219e-11
"Bench.Data.DeBruijn.Index/thin/Unsafe/[30,29]",6.143891407003362e-9,6.136665084193905e-9,6.157754658363666e-9,3.4692792634933726e-11,1.9668642347667436e-11,5.306208521292679e-11
"Bench.Data.DeBruijn.Index/thin/Unsafe/[30,30]",6.17351886092426e-9,6.169906248874632e-9,6.180712503889208e-9,1.6427012945076532e-11,8.666400007884754e-12,2.6183945836612937e-11
"Bench.Data.DeBruijn.Index/thin/Unsafe/[30,31]",6.180454751748001e-9,6.176735449985569e-9,6.1877434391824726e-9,1.6453917907052906e-11,9.286512880170811e-12,2.915265472220464e-11
"Bench.Data.DeBruijn.Index/thin/Unsafe/[30,100]",6.17703542584248e-9,6.17320728942014e-9,6.183516655504402e-9,1.6905491043259363e-11,1.0930449189696468e-11,2.3980885265606597e-11
"Bench.Data.DeBruijn.Index/thin/Unsafe/[40,0]",6.133121709870979e-9,6.129247321009859e-9,6.140642472300599e-9,1.747567788605616e-11,1.0803657187062367e-11,2.8096816113917665e-11
"Bench.Data.DeBruijn.Index/thin/Unsafe/[40,39]",6.134409134419638e-9,6.131049063599721e-9,6.14109192023091e-9,1.490492726106887e-11,1.0169349359204623e-11,2.3517270471535198e-11
"Bench.Data.DeBruijn.Index/thin/Unsafe/[40,40]",6.1750274001491865e-9,6.17093701951803e-9,6.184074604371029e-9,2.0321123372657428e-11,1.0666395506335624e-11,3.1243543456087185e-11
"Bench.Data.DeBruijn.Index/thin/Unsafe/[40,41]",6.17747914581489e-9,6.1726116654539395e-9,6.1881178626859985e-9,2.341635790013394e-11,1.046936348266887e-11,4.1647101710503633e-11
"Bench.Data.DeBruijn.Index/thin/Unsafe/[40,100]",6.180725537082023e-9,6.175429085553647e-9,6.1960301202692314e-9,2.6793098186535762e-11,1.1750158591105349e-11,5.053940129473103e-11
"Bench.Data.DeBruijn.Index/thin/Unsafe/[50,0]",6.1342769260349956e-9,6.130792343478308e-9,6.140778921330718e-9,1.5305858361840278e-11,1.0454158278546825e-11,2.1681985309711354e-11
"Bench.Data.DeBruijn.Index/thin/Unsafe/[50,49]",6.138917331986501e-9,6.134837579181288e-9,6.145957216066767e-9,1.9091005849788774e-11,1.3221148480966907e-11,2.969933027308126e-11
"Bench.Data.DeBruijn.Index/thin/Unsafe/[50,50]",6.180273967919498e-9,6.176050591456388e-9,6.187118804491175e-9,1.7999869522442054e-11,1.285258670778087e-11,2.3406943411059753e-11
"Bench.Data.DeBruijn.Index/thin/Unsafe/[50,51]",6.1804455528163344e-9,6.175755875942517e-9,6.189187843093311e-9,2.080097908290577e-11,1.3492705101815654e-11,3.040613090598259e-11
"Bench.Data.DeBruijn.Index/thin/Unsafe/[50,100]",6.180082799285528e-9,6.174721812215651e-9,6.188758860080876e-9,2.2638352675905422e-11,1.4647599460296245e-11,3.254802372246799e-11
"Bench.Data.DeBruijn.Index/thin/Unsafe/[60,0]",6.138255799276218e-9,6.133782885680493e-9,6.144959106409551e-9,1.9012205495456928e-11,1.3105853797101313e-11,2.6622568667128373e-11
"Bench.Data.DeBruijn.Index/thin/Unsafe/[60,59]",6.140449917714254e-9,6.134215238174481e-9,6.150042016712022e-9,2.700454551240768e-11,1.865278373982484e-11,3.7710131996535855e-11
"Bench.Data.DeBruijn.Index/thin/Unsafe/[60,60]",6.278259242111334e-9,6.2181832211798466e-9,6.413659192466673e-9,2.8938431108582154e-10,1.345953991049548e-10,4.659984320921763e-10
"Bench.Data.DeBruijn.Index/thin/Unsafe/[60,61]",6.188280008903769e-9,6.1798899667026975e-9,6.203503469833605e-9,3.741769956479243e-11,2.2553392250894845e-11,6.486407381779319e-11
"Bench.Data.DeBruijn.Index/thin/Unsafe/[60,100]",6.184545021490933e-9,6.177128047193931e-9,6.1953333108622055e-9,2.907896831203069e-11,1.924034992046253e-11,3.9371443900154274e-11
"Bench.Data.DeBruijn.Index/thin/Unsafe/[70,0]",6.139132795809249e-9,6.133419976524089e-9,6.150690973898968e-9,2.631558647832724e-11,1.605435782600218e-11,4.6468958169106984e-11
"Bench.Data.DeBruijn.Index/thin/Unsafe/[70,69]",6.135797424944439e-9,6.130968351935471e-9,6.146844784579236e-9,2.307745777517066e-11,1.1037001853354957e-11,3.79517655595734e-11
"Bench.Data.DeBruijn.Index/thin/Unsafe/[70,70]",6.1813268826977e-9,6.176494262064907e-9,6.189590226053907e-9,2.1234692310065232e-11,1.4310589587140551e-11,3.039163114773643e-11
"Bench.Data.DeBruijn.Index/thin/Unsafe/[70,71]",6.175998920705939e-9,6.172780894057642e-9,6.181992571882885e-9,1.4884795830829985e-11,8.80340795557317e-12,2.3017449976490554e-11
"Bench.Data.DeBruijn.Index/thin/Unsafe/[70,100]",6.173530112995482e-9,6.17033875302727e-9,6.1799562269647685e-9,1.5222502822824492e-11,9.873251180992309e-12,2.2092594949768e-11
"Bench.Data.DeBruijn.Index/thin/Unsafe/[80,0]",6.131975962323019e-9,6.129428997425684e-9,6.137666562833028e-9,1.254065751020807e-11,7.449359177431709e-12,1.9008389564867118e-11
"Bench.Data.DeBruijn.Index/thin/Unsafe/[80,79]",6.1342288337567294e-9,6.131203015754987e-9,6.141088249732608e-9,1.4216239165067874e-11,7.50603112038102e-12,2.2107624267064166e-11
"Bench.Data.DeBruijn.Index/thin/Unsafe/[80,80]",6.174394847781779e-9,6.170720771522487e-9,6.181209906900879e-9,1.5886277292469622e-11,1.062311979380963e-11,2.3112654778147425e-11
"Bench.Data.DeBruijn.Index/thin/Unsafe/[80,81]",6.178551038002375e-9,6.174311255380465e-9,6.185834664790777e-9,1.8882627020411807e-11,1.2471117329051634e-11,2.883380983477279e-11
"Bench.Data.DeBruijn.Index/thin/Unsafe/[80,100]",6.179403280580983e-9,6.173878079952441e-9,6.188986188058239e-9,2.3582827540396026e-11,1.585299206195317e-11,3.4711421109169806e-11
"Bench.Data.DeBruijn.Index/thin/Unsafe/[90,0]",6.136680566168891e-9,6.131746563253061e-9,6.1435831082873635e-9,1.8776356811492808e-11,1.2299712951281592e-11,2.398066483398283e-11
"Bench.Data.DeBruijn.Index/thin/Unsafe/[90,89]",6.1397538408260145e-9,6.1338985234951285e-9,6.1500504543219956e-9,2.779107823625694e-11,1.9168925045847145e-11,4.014781284259505e-11
"Bench.Data.DeBruijn.Index/thin/Unsafe/[90,90]",6.182775915036452e-9,6.176809103035027e-9,6.191165939892405e-9,2.3245788527785707e-11,1.6517767969857092e-11,3.0999032562565315e-11
"Bench.Data.DeBruijn.Index/thin/Unsafe/[90,91]",6.17766331567067e-9,6.1729028221099055e-9,6.1869876687152885e-9,2.1420316018911236e-11,1.2171224786533347e-11,3.5695019287081824e-11
"Bench.Data.DeBruijn.Index/thin/Unsafe/[90,100]",6.176697796014091e-9,6.171828214836938e-9,6.188481332424018e-9,2.242345470070085e-11,1.155331248359276e-11,4.0255987138515893e-11
"Bench.Data.DeBruijn.Index/thin/Unsafe/[100,0]",6.135032775614204e-9,6.131983858098779e-9,6.140457652152531e-9,1.362778949238665e-11,8.972741789037527e-12,1.9837417516286626e-11
"Bench.Data.DeBruijn.Index/thin/Unsafe/[100,99]",6.133912792636672e-9,6.129753951113502e-9,6.141785689083364e-9,1.8363874566423265e-11,1.0509005730026137e-11,2.953971267444871e-11
"Bench.Data.DeBruijn.Index/thin/Unsafe/[100,100]",6.177112150547549e-9,6.172254925422396e-9,6.184489584018989e-9,1.8570145528966754e-11,1.1419934542834576e-11,2.5829229830989938e-11
"Bench.Data.DeBruijn.Index/thin/Unsafe/[1,0]",6.134430023438437e-9,6.130938662576823e-9,6.1427458025649316e-9,1.6921942998384004e-11,1.0653765638000407e-11,2.964823615535204e-11
"Bench.Data.DeBruijn.Index/thin/Unsafe/[0,10]",6.178370173047446e-9,6.173889234937397e-9,6.1860185681924265e-9,1.891463760748916e-11,1.303460928414948e-11,2.6867299017539048e-11
"Bench.Data.DeBruijn.Index/thin/Unsafe/[9,10]",6.183607336674944e-9,6.17686326443969e-9,6.196455241848244e-9,2.929834603580563e-11,1.8102040074897174e-11,4.7491866258569693e-11
"Bench.Data.DeBruijn.Index/thin/Unsafe/[11,10]",6.135798985400101e-9,6.131522384730503e-9,6.143330262255799e-9,1.8303036710925188e-11,1.2397506632156796e-11,2.8643208448005503e-11
"Bench.Data.DeBruijn.Index/thin/Unsafe/[100,10]",6.138684186655099e-9,6.133213532779312e-9,6.147191849371192e-9,2.3670309690664e-11,1.5029781002635764e-11,3.469507230958737e-11
"Bench.Data.DeBruijn.Index/thin/Unsafe/[0,20]",6.185548117372375e-9,6.179066295196821e-9,6.196505720182061e-9,2.7217822326906153e-11,1.9041473923651834e-11,4.091625009356998e-11
"Bench.Data.DeBruijn.Index/thin/Unsafe/[19,20]",6.184057597871744e-9,6.1779885957573655e-9,6.195817534379447e-9,2.7954691205620703e-11,1.7825675505862077e-11,4.9109358044600496e-11
"Bench.Data.DeBruijn.Index/thin/Unsafe/[21,20]",6.1431041069124465e-9,6.136551162300734e-9,6.15287075025123e-9,2.6085969094540146e-11,1.804329827659434e-11,3.889366339684669e-11
"Bench.Data.DeBruijn.Index/thin/Unsafe/[100,20]",6.1354541885579e-9,6.131387331017723e-9,6.143300461306183e-9,1.8766152091601333e-11,8.150831994150015e-12,3.148888102635855e-11
"Bench.Data.DeBruijn.Index/thin/Unsafe/[0,30]",6.174415565562095e-9,6.170075265639962e-9,6.1813235406360175e-9,1.810751332361255e-11,1.025670267058323e-11,2.6108463498403802e-11
"Bench.Data.DeBruijn.Index/thin/Unsafe/[29,30]",6.172054340323272e-9,6.167932981305915e-9,6.181107383481005e-9,1.948385337601344e-11,1.0142717561058914e-11,3.071452092825561e-11
"Bench.Data.DeBruijn.Index/thin/Unsafe/[31,30]",6.137501123755841e-9,6.132779514403213e-9,6.1456606875498915e-9,2.139652983293301e-11,1.4166557376766002e-11,2.943107474244906e-11
"Bench.Data.DeBruijn.Index/thin/Unsafe/[100,30]",6.1360549077600316e-9,6.132475168642411e-9,6.142325868677913e-9,1.524698773451365e-11,1.0725603314286524e-11,2.081321783068675e-11
"Bench.Data.DeBruijn.Index/thin/Unsafe/[0,40]",6.1780625392648286e-9,6.172299046298694e-9,6.189521134614546e-9,2.525933093391798e-11,1.5591500514882234e-11,4.114497254568005e-11
"Bench.Data.DeBruijn.Index/thin/Unsafe/[39,40]",6.1797637370618444e-9,6.174644612499855e-9,6.189512020141698e-9,2.1991184549224547e-11,1.4352018439222817e-11,3.1314408283209954e-11
"Bench.Data.DeBruijn.Index/thin/Unsafe/[41,40]",6.136357103562629e-9,6.132321761114528e-9,6.1435096326123545e-9,1.739534661268692e-11,1.1216814906254152e-11,2.6031158615988218e-11
"Bench.Data.DeBruijn.Index/thin/Unsafe/[100,40]",6.1397022133021736e-9,6.134232469985372e-9,6.1496883754773204e-9,2.4303638913849378e-11,1.4578237595215058e-11,3.699901728726121e-11
"Bench.Data.DeBruijn.Index/thin/Unsafe/[0,50]",6.183874207176178e-9,6.1768571828845425e-9,6.194738179742375e-9,2.949930402816311e-11,2.0340536709002902e-11,4.36352922788011e-11
"Bench.Data.DeBruijn.Index/thin/Unsafe/[49,50]",6.186606994171295e-9,6.177763711547505e-9,6.202733881703542e-9,3.778177560620426e-11,2.476255714879964e-11,6.148359712631535e-11
"Bench.Data.DeBruijn.Index/thin/Unsafe/[51,50]",6.137639297701629e-9,6.132157102512216e-9,6.148527356021433e-9,2.4226860249613107e-11,1.577511661096056e-11,4.204312314966373e-11
"Bench.Data.DeBruijn.Index/thin/Unsafe/[100,50]",6.13501750172666e-9,6.131219073917594e-9,6.145729498947116e-9,1.9345427264237253e-11,9.911734910473723e-12,3.877515591407825e-11
"Bench.Data.DeBruijn.Index/thin/Unsafe/[0,60]",6.171083674448178e-9,6.167308307164109e-9,6.178872922679893e-9,1.6510754721948613e-11,9.549210842092398e-12,2.9681436687626276e-11
"Bench.Data.DeBruijn.Index/thin/Unsafe/[59,60]",6.177158959376034e-9,6.171835903959521e-9,6.188066637052299e-9,2.439393793056492e-11,1.0500976507296283e-11,4.726066550990028e-11
"Bench.Data.DeBruijn.Index/thin/Unsafe/[61,60]",6.133654564050526e-9,6.130117251891544e-9,6.1401939393233496e-9,1.570679610993793e-11,7.39081197704809e-12,2.417624449282306e-11
"Bench.Data.DeBruijn.Index/thin/Unsafe/[100,60]",6.1368716005033884e-9,6.132135516668817e-9,6.144483544044065e-9,2.0589030837147518e-11,1.3032222479228211e-11,3.1916325162759705e-11
"Bench.Data.DeBruijn.Index/thin/Unsafe/[0,70]",6.180740548917015e-9,6.1731225860051664e-9,6.198552314025067e-9,3.782418501811353e-11,1.7934943606999435e-11,7.439376885914697e-11
"Bench.Data.DeBruijn.Index/thin/Unsafe/[69,70]",6.177690686638971e-9,6.173345727873351e-9,6.185638607915796e-9,2.0038618574107748e-11,1.308493357404377e-11,3.043731874327956e-11
"Bench.Data.DeBruijn.Index/thin/Unsafe/[71,70]",6.134863697938291e-9,6.130395281663154e-9,6.141031585969546e-9,1.718996017717933e-11,1.1141345668732002e-11,2.305047474067902e-11
"Bench.Data.DeBruijn.Index/thin/Unsafe/[100,70]",6.135675768336469e-9,6.131487690923316e-9,6.1421116878911385e-9,1.708745695769315e-11,1.1103923277821695e-11,2.3815679473619962e-11
"Bench.Data.DeBruijn.Index/thin/Unsafe/[0,80]",6.18436358896383e-9,6.1764825216695894e-9,6.196443589612302e-9,3.19870871294466e-11,1.8432730984315432e-11,4.969150001298314e-11
"Bench.Data.DeBruijn.Index/thin/Unsafe/[79,80]",6.176249853027451e-9,6.170907666753708e-9,6.185208891499537e-9,2.3502179797691375e-11,1.6073181860182266e-11,3.288621787758305e-11
"Bench.Data.DeBruijn.Index/thin/Unsafe/[81,80]",6.168269557232431e-9,6.140017129354332e-9,6.292673276780762e-9,1.604376121331464e-10,3.4158154397991976e-11,3.5720211610701843e-10
"Bench.Data.DeBruijn.Index/thin/Unsafe/[100,80]",6.1417530350494495e-9,6.134858675654892e-9,6.154685483148845e-9,3.100563559405026e-11,1.6407959521192344e-11,5.116797506691408e-11
"Bench.Data.DeBruijn.Index/thin/Unsafe/[0,90]",6.178984180220047e-9,6.174783117522617e-9,6.1857646111189644e-9,1.725483698607828e-11,1.1587367686589825e-11,2.6293688909027326e-11
"Bench.Data.DeBruijn.Index/thin/Unsafe/[89,90]",6.1769181738584656e-9,6.173603315899552e-9,6.183222158452093e-9,1.5596037711074155e-11,1.101990693926589e-11,2.1191685298189412e-11
"Bench.Data.DeBruijn.Index/thin/Unsafe/[91,90]",6.139272593878822e-9,6.1354618574943945e-9,6.150778162864918e-9,1.9873895879007618e-11,1.0534060366015762e-11,3.957861587561266e-11
"Bench.Data.DeBruijn.Index/thin/Unsafe/[100,90]",6.133083120904397e-9,6.1295571619897336e-9,6.13952265655415e-9,1.537769244705987e-11,8.358324421352231e-12,2.4729962061217972e-11
"Bench.Data.DeBruijn.Index/thin/Unsafe/[99,100]",6.180340066245628e-9,6.1758172836985604e-9,6.187646433998478e-9,1.910938746393489e-11,1.0325332349934719e-11,3.009636928779145e-11
"Bench.Data.DeBruijn.Index/thin/Inductive/[0,0]",7.831465002062912e-9,7.826921930175427e-9,7.84068881787293e-9,2.1465407519332797e-11,1.0359387108755337e-11,3.93968435063519e-11
"Bench.Data.DeBruijn.Index/thin/Inductive/[0,1]",9.15390343894814e-9,9.139075146881028e-9,9.167780901144389e-9,4.877306799464968e-11,4.249537995646293e-11,5.771010757367427e-11
"Bench.Data.DeBruijn.Index/thin/Inductive/[0,100]",1.3145783908035196e-7,1.3142039527330008e-7,1.315180548840877e-7,1.6123402110185006e-10,1.094023255310866e-10,2.56694240187229e-10
"Bench.Data.DeBruijn.Index/thin/Inductive/[10,0]",7.516574475210718e-9,7.512304110936968e-9,7.52499940219164e-9,1.9774351639183618e-11,1.1226793067115554e-11,3.2422956827565875e-11
"Bench.Data.DeBruijn.Index/thin/Inductive/[10,9]",3.8590581454157454e-8,3.8559162344919373e-8,3.863831343610608e-8,1.2263797942524717e-10,8.355089220392186e-11,1.7574259183251816e-10
"Bench.Data.DeBruijn.Index/thin/Inductive/[10,10]",4.29957635242909e-8,4.295428390907987e-8,4.308383187720626e-8,1.9096856233385847e-10,1.1503375433904136e-10,3.3208033613411104e-10
"Bench.Data.DeBruijn.Index/thin/Inductive/[10,11]",4.3948391431905084e-8,4.3904185035818744e-8,4.4013530186186705e-8,1.7620774870030855e-10,1.320551104024998e-10,2.3588816295296e-10
"Bench.Data.DeBruijn.Index/thin/Inductive/[10,100]",1.654228648331182e-7,1.653457606700171e-7,1.6552438723162782e-7,2.951896873132207e-10,2.220059795637281e-10,4.0900361079952945e-10
"Bench.Data.DeBruijn.Index/thin/Inductive/[20,0]",7.520704442865684e-9,7.515431442250528e-9,7.532161826887252e-9,2.62567121302055e-11,1.6819729046207148e-11,3.9601105058704635e-11
"Bench.Data.DeBruijn.Index/thin/Inductive/[20,19]",9.322809146427987e-8,9.315013490489334e-8,9.334481540356258e-8,3.1955887692078636e-10,2.2730639663950998e-10,5.055528555674928e-10
"Bench.Data.DeBruijn.Index/thin/Inductive/[20,20]",8.3761952526661e-8,8.36230716793331e-8,8.391247046666278e-8,4.758585006779073e-10,4.1072584298762284e-10,5.563301631424703e-10
"Bench.Data.DeBruijn.Index/thin/Inductive/[20,21]",8.542399214135573e-8,8.504465917836579e-8,8.5912217988571e-8,1.406922552698308e-9,1.127829511968889e-9,1.598741792800428e-9
"Bench.Data.DeBruijn.Index/thin/Inductive/[20,100]",1.952227390207533e-7,1.951114405055297e-7,1.954034623046461e-7,5.139123757429589e-10,3.496395504247298e-10,8.114845431102995e-10
"Bench.Data.DeBruijn.Index/thin/Inductive/[30,0]",7.52381486346464e-9,7.517649884428187e-9,7.544670406643916e-9,3.377664819051832e-11,1.412474564931648e-11,6.579886554012458e-11
"Bench.Data.DeBruijn.Index/thin/Inductive/[30,29]",1.335318944606645e-7,1.3333913282166341e-7,1.338020400751022e-7,8.083596183022155e-10,5.744200043777991e-10,1.3951603755638515e-9
"Bench.Data.DeBruijn.Index/thin/Inductive/[30,30]",1.256577239985023e-7,1.2552136907569618e-7,1.2575916376362372e-7,4.158085581529794e-10,3.111197220961133e-10,5.720159974348935e-10
"Bench.Data.DeBruijn.Index/thin/Inductive/[30,31]",1.2637725670697102e-7,1.261866743304599e-7,1.2656439672183214e-7,6.38006452318594e-10,5.424221842601935e-10,7.255370340227246e-10
"Bench.Data.DeBruijn.Index/thin/Inductive/[30,100]",2.2461725299714994e-7,2.2416303910390215e-7,2.2506617530112126e-7,1.5251428557202176e-9,1.3796965238185892e-9,1.7712632530574617e-9
"Bench.Data.DeBruijn.Index/thin/Inductive/[40,0]",7.514006652921908e-9,7.51012985108129e-9,7.520124319859333e-9,1.6283787170920536e-11,9.329580443275511e-12,2.2927058835477144e-11
"Bench.Data.DeBruijn.Index/thin/Inductive/[40,39]",1.737617740794744e-7,1.7343136712457395e-7,1.7414839246216156e-7,1.1666284127689938e-9,9.600283622233258e-10,1.3551913877491472e-9
"Bench.Data.DeBruijn.Index/thin/Inductive/[40,40]",1.6798321405915242e-7,1.676329268260334e-7,1.6827108198516657e-7,1.0293327450752672e-9,8.535102151692957e-10,1.2403053063933908e-9
"Bench.Data.DeBruijn.Index/thin/Inductive/[40,41]",1.6699327393724498e-7,1.6684508497311292e-7,1.6718268949918003e-7,5.642796370324593e-10,4.2782660345654553e-10,8.53826127155466e-10
"Bench.Data.DeBruijn.Index/thin/Inductive/[40,100]",2.5363795636628403e-7,2.5324267768311643e-7,2.540534538317577e-7,1.3711644806378507e-9,1.09822575212323e-9,1.8728628721205146e-9
"Bench.Data.DeBruijn.Index/thin/Inductive/[50,0]",7.520737051467294e-9,7.5138939762324e-9,7.53227412106014e-9,2.8682909675813062e-11,1.730240728481911e-11,4.0188430656859004e-11
"Bench.Data.DeBruijn.Index/thin/Inductive/[50,49]",2.1398753073021806e-7,2.1372688160365263e-7,2.1435219231388494e-7,1.016510167109456e-9,7.832371910803118e-10,1.639179343359579e-9
"Bench.Data.DeBruijn.Index/thin/Inductive/[50,50]",2.066808645110283e-7,2.0614226943830333e-7,2.0724758341306372e-7,1.7121736648670506e-9,1.509082248596629e-9,2.005115989109395e-9
"Bench.Data.DeBruijn.Index/thin/Inductive/[50,51]",2.0788537236530203e-7,2.0758192752037878e-7,2.0824761104658535e-7,1.0791191364134416e-9,8.697416566765494e-10,1.3247711713795282e-9
"Bench.Data.DeBruijn.Index/thin/Inductive/[50,100]",2.5661790200200666e-7,2.560566534632544e-7,2.573167184614053e-7,2.1841024462807245e-9,2.0337830382880102e-9,2.5608971674245307e-9
"Bench.Data.DeBruijn.Index/thin/Inductive/[60,0]",7.528506442719446e-9,7.519438238566333e-9,7.552184724313526e-9,4.457245815007647e-11,2.515515725955462e-11,8.171233047737076e-11
"Bench.Data.DeBruijn.Index/thin/Inductive/[60,59]",2.5471467296805944e-7,2.543469151205716e-7,2.550888709262872e-7,1.213109024920705e-9,1.025392589854639e-9,1.4554195729700717e-9
"Bench.Data.DeBruijn.Index/thin/Inductive/[60,60]",2.485676858152699e-7,2.481399679425002e-7,2.4896112303934333e-7,1.332078312842779e-9,1.0738506226311536e-9,1.7418431673509143e-9
"Bench.Data.DeBruijn.Index/thin/Inductive/[60,61]",2.4941991068648114e-7,2.491048272927391e-7,2.498119629967054e-7,1.1859476257964617e-9,9.204505770529797e-10,1.4813174319271633e-9
"Bench.Data.DeBruijn.Index/thin/Inductive/[60,100]",2.891807961340358e-7,2.8871224596912823e-7,2.896162784086909e-7,1.4733112250382845e-9,1.3221743530421459e-9,1.7260404709748414e-9
"Bench.Data.DeBruijn.Index/thin/Inductive/[70,0]",7.514179665113358e-9,7.510072288277723e-9,7.523581589940877e-9,2.007452285937836e-11,1.1177721251826184e-11,3.2786734492435856e-11
"Bench.Data.DeBruijn.Index/thin/Inductive/[70,69]",2.9914291535711815e-7,2.9829883638411354e-7,2.998563325483289e-7,2.5416669894225365e-9,2.1768868516618213e-9,3.008410673069797e-9
"Bench.Data.DeBruijn.Index/thin/Inductive/[70,70]",2.9095229250840267e-7,2.900126341605224e-7,2.9180153200367925e-7,3.03171952079291e-9,2.58937632323172e-9,3.437748408775825e-9
"Bench.Data.DeBruijn.Index/thin/Inductive/[70,71]",2.915635865299026e-7,2.9108526384150957e-7,2.920143695803453e-7,1.5892807670778658e-9,1.296401852521059e-9,2.066163928444136e-9
"Bench.Data.DeBruijn.Index/thin/Inductive/[70,100]",3.189474891317519e-7,3.1827178343566405e-7,3.195099947595194e-7,2.083219099312285e-9,1.7646270116797508e-9,2.5907895386850516e-9
"Bench.Data.DeBruijn.Index/thin/Inductive/[80,0]",7.514367375247105e-9,7.510552422084152e-9,7.521860098271908e-9,1.801037389691438e-11,1.004405482261589e-11,2.8580275108056946e-11
"Bench.Data.DeBruijn.Index/thin/Inductive/[80,79]",3.391864117675425e-7,3.3855389128499223e-7,3.401259603805222e-7,2.5911558370901085e-9,1.691157537464436e-9,4.23235014487805e-9
"Bench.Data.DeBruijn.Index/thin/Inductive/[80,80]",3.318247013686559e-7,3.3151279053405903e-7,3.322066357336833e-7,1.1792367835787304e-9,9.58428952386432e-10,1.4482861951600262e-9
"Bench.Data.DeBruijn.Index/thin/Inductive/[80,81]",3.320309405330034e-7,3.3145569836498786e-7,3.325578918955828e-7,1.821319111162238e-9,1.4039944047913593e-9,2.430479256632765e-9
"Bench.Data.DeBruijn.Index/thin/Inductive/[80,100]",3.4928556415850636e-7,3.4866987516728804e-7,3.4992280650882165e-7,2.2311580295268205e-9,2.026883719293939e-9,2.5971030585266863e-9
"Bench.Data.DeBruijn.Index/thin/Inductive/[90,0]",7.524545742017144e-9,7.51873056124706e-9,7.535442436582122e-9,2.6619636885222733e-11,1.656530216641901e-11,4.1452862279272894e-11
"Bench.Data.DeBruijn.Index/thin/Inductive/[90,89]",3.8152569198090813e-7,3.808457997237393e-7,3.8237315883290144e-7,2.5073892801134466e-9,1.9052572600739585e-9,4.101301018104652e-9
"Bench.Data.DeBruijn.Index/thin/Inductive/[90,90]",3.741293178686043e-7,3.731390508655292e-7,3.7507589565283665e-7,3.144887757004709e-9,2.730199690692269e-9,3.817665943426156e-9
"Bench.Data.DeBruijn.Index/thin/Inductive/[90,91]",3.746584790007615e-7,3.7397111744797257e-7,3.754698929821875e-7,2.531830458669865e-9,2.1086102007969454e-9,2.9708910381176822e-9
"Bench.Data.DeBruijn.Index/thin/Inductive/[90,100]",3.8160193034171224e-7,3.806987992993019e-7,3.82393892053279e-7,3.0959107661729672e-9,2.718275218393469e-9,3.5636960526895447e-9
"Bench.Data.DeBruijn.Index/thin/Inductive/[100,0]",7.522027102074422e-9,7.515174130494887e-9,7.532788370179827e-9,2.802287134942503e-11,1.9893608243583023e-11,3.6949213858187055e-11
"Bench.Data.DeBruijn.Index/thin/Inductive/[100,99]",4.2244354977783774e-7,4.2164338735064095e-7,4.232243631153527e-7,2.670397956041508e-9,2.298199705466913e-9,3.2765218774807527e-9
"Bench.Data.DeBruijn.Index/thin/Inductive/[100,100]",4.1489159508655104e-7,4.144947887687854e-7,4.153806100336932e-7,1.553963544519798e-9,1.1462650672497247e-9,2.213085229197483e-9
"Bench.Data.DeBruijn.Index/thin/Inductive/[1,0]",7.525353025107843e-9,7.518010069658831e-9,7.538945666619247e-9,3.115235252923004e-11,2.0466444742387992e-11,4.735063848459221e-11
"Bench.Data.DeBruijn.Index/thin/Inductive/[0,10]",1.4353882789517077e-8,1.4327250678546234e-8,1.43769172195541e-8,8.317320946699657e-11,6.944082783172482e-11,9.847046580534321e-11
"Bench.Data.DeBruijn.Index/thin/Inductive/[9,10]",4.0571375628659665e-8,4.053701776494227e-8,4.0636610567368916e-8,1.5791412605028712e-10,1.0087965511297591e-10,2.5202264853308255e-10
"Bench.Data.DeBruijn.Index/thin/Inductive/[11,10]",4.2173663084616235e-8,4.214964619134852e-8,4.2254407830067794e-8,1.2267669968928412e-10,4.4536879671761696e-11,2.530067725345137e-10
"Bench.Data.DeBruijn.Index/thin/Inductive/[100,10]",4.2016439655421675e-8,4.1970185474228966e-8,4.206747022611166e-8,1.724275414374887e-10,1.4182248987773305e-10,2.12161395499936e-10
"Bench.Data.DeBruijn.Index/thin/Inductive/[0,20]",1.9937000837548162e-8,1.992310354082869e-8,1.995072804195017e-8,4.590703523669932e-11,3.470771202100112e-11,6.384150044572866e-11
"Bench.Data.DeBruijn.Index/thin/Inductive/[19,20]",8.213362746656307e-8,8.170054181969475e-8,8.260518409581996e-8,1.5116535528995302e-9,1.3245140958735767e-9,2.0336720217751254e-9
"Bench.Data.DeBruijn.Index/thin/Inductive/[21,20]",9.817004593508815e-8,9.792242908384091e-8,9.84180517147823e-8,7.894637733528136e-10,6.784205481011257e-10,9.52759952714229e-10
"Bench.Data.DeBruijn.Index/thin/Inductive/[100,20]",9.870462975681814e-8,9.858083079802965e-8,9.881559444937423e-8,4.030140960904346e-10,3.5223847993687973e-10,4.626684653866038e-10
"Bench.Data.DeBruijn.Index/thin/Inductive/[0,30]",2.5499955374011453e-8,2.5481119194348576e-8,2.551756136532182e-8,6.03271872917868e-11,4.213016440784372e-11,9.698434827470517e-11
"Bench.Data.DeBruijn.Index/thin/Inductive/[29,30]",1.2274113500138084e-7,1.224806999255515e-7,1.2297648220145371e-7,8.340649366701507e-10,7.140702409030965e-10,1.0271347092536118e-9
"Bench.Data.DeBruijn.Index/thin/Inductive/[31,30]",1.379311970541408e-7,1.3783294744674975e-7,1.3805929862161464e-7,3.776820759894361e-10,2.9052627514026644e-10,4.721054935729953e-10
"Bench.Data.DeBruijn.Index/thin/Inductive/[100,30]",1.389979930172412e-7,1.3885196070650499e-7,1.3930828673831214e-7,6.716284997637703e-10,3.9557836050183427e-10,1.2747516647664437e-9
"Bench.Data.DeBruijn.Index/thin/Inductive/[0,40]",3.3100608828031e-8,3.309096406648764e-8,3.3119114175864213e-8,4.4750010151323e-11,2.8727664519813496e-11,6.905827843973162e-11
"Bench.Data.DeBruijn.Index/thin/Inductive/[39,40]",1.6436843573293194e-7,1.6399399718177382e-7,1.6483051606309445e-7,1.3640452740582787e-9,1.1927934874549956e-9,1.5429391554494752e-9
"Bench.Data.DeBruijn.Index/thin/Inductive/[41,40]",1.7746419134821618e-7,1.7721543152505835e-7,1.7774119560459242e-7,8.909446746876535e-10,7.584162608025113e-10,1.0460988254962291e-9
"Bench.Data.DeBruijn.Index/thin/Inductive/[100,40]",1.7946944935407903e-7,1.7919749020497715e-7,1.7978461853713904e-7,9.714200945356548e-10,7.355701655911696e-10,1.2549460275233536e-9
"Bench.Data.DeBruijn.Index/thin/Inductive/[0,50]",4.6194816128838514e-8,4.617513472590488e-8,4.622155371742359e-8,7.900714677141261e-11,5.844561503345382e-11,1.084416142427494e-10
"Bench.Data.DeBruijn.Index/thin/Inductive/[49,50]",2.049305102100521e-7,2.0450052487672683e-7,2.0533800736502579e-7,1.4345423951474562e-9,1.1259452941066214e-9,2.0668774119986657e-9
"Bench.Data.DeBruijn.Index/thin/Inductive/[51,50]",2.1845243832887693e-7,2.1794944988260299e-7,2.193313877629389e-7,2.216862422968088e-9,1.4062639234781848e-9,3.3036463143393793e-9
"Bench.Data.DeBruijn.Index/thin/Inductive/[100,50]",2.197438867061793e-7,2.1934969319300634e-7,2.2030621181829684e-7,1.5103991250670713e-9,1.1457762294618004e-9,2.302783288149821e-9
"Bench.Data.DeBruijn.Index/thin/Inductive/[0,60]",8.099716574238336e-8,8.097604019406303e-8,8.103042694231815e-8,8.591402908074796e-11,6.08565643806474e-11,1.2781599846298864e-10
"Bench.Data.DeBruijn.Index/thin/Inductive/[59,60]",2.468145803713109e-7,2.462739027045778e-7,2.472815688274004e-7,1.632751803798999e-9,1.3609951151389542e-9,2.114591410770386e-9
"Bench.Data.DeBruijn.Index/thin/Inductive/[61,60]",2.603662291695703e-7,2.600212191685793e-7,2.606911886883863e-7,1.0694284681864298e-9,8.916135919656914e-10,1.3401403065296984e-9
"Bench.Data.DeBruijn.Index/thin/Inductive/[100,60]",2.6349957729237925e-7,2.6285926550760693e-7,2.6422083033953137e-7,2.24922262698553e-9,1.845561776821092e-9,2.8960714702064833e-9
"Bench.Data.DeBruijn.Index/thin/Inductive/[0,70]",9.346490810793924e-8,9.345074266351152e-8,9.348440490065835e-8,5.650416810814859e-11,4.2038529918405117e-11,7.581439872103044e-11
"Bench.Data.DeBruijn.Index/thin/Inductive/[69,70]",2.878469628854166e-7,2.8743743794696987e-7,2.882936951566645e-7,1.4362992326843198e-9,1.0522996158460172e-9,2.108023473988288e-9
"Bench.Data.DeBruijn.Index/thin/Inductive/[71,70]",3.033602669330917e-7,3.0229702041301945e-7,3.043701557205109e-7,3.609461021808918e-9,3.233399325409891e-9,4.06948678980802e-9
"Bench.Data.DeBruijn.Index/thin/Inductive/[100,70]",3.091606505859371e-7,3.079391027943262e-7,3.101514872159345e-7,3.5800957538528513e-9,2.8465650041196296e-9,4.324859441531809e-9
"Bench.Data.DeBruijn.Index/thin/Inductive/[0,80]",1.061178733215938e-7,1.0607603777519393e-7,1.0619290382760307e-7,1.8125695736373525e-10,9.00196372196105e-11,2.8443009172266567e-10
"Bench.Data.DeBruijn.Index/thin/Inductive/[79,80]",3.386073944590615e-7,3.3087384385229177e-7,3.573380066054719e-7,3.63585270172896e-8,1.8928155190121596e-8,6.357944748010765e-8
"Bench.Data.DeBruijn.Index/thin/Inductive/[81,80]",3.437626692174701e-7,3.431956556691692e-7,3.44351734428938e-7,1.919335537870116e-9,1.6060532384487332e-9,2.3860032927622747e-9
"Bench.Data.DeBruijn.Index/thin/Inductive/[100,80]",3.4355072594765534e-7,3.4288147297820114e-7,3.44448156902933e-7,2.5977356415910077e-9,2.098148956636769e-9,3.529233139920802e-9
"Bench.Data.DeBruijn.Index/thin/Inductive/[0,90]",1.1888727561617792e-7,1.1882445957465762e-7,1.1906967779039572e-7,3.556598114818818e-10,1.0565129573847456e-10,7.266277780346797e-10
"Bench.Data.DeBruijn.Index/thin/Inductive/[89,90]",3.6989869954379265e-7,3.692157329677243e-7,3.7054097410768115e-7,2.1632948515746253e-9,1.559294974709036e-9,3.1665644276436515e-9
"Bench.Data.DeBruijn.Index/thin/Inductive/[91,90]",3.848867938063647e-7,3.84250251770734e-7,3.855483223145989e-7,2.1644174813153088e-9,1.8231604950290104e-9,2.781482853996381e-9
"Bench.Data.DeBruijn.Index/thin/Inductive/[100,90]",3.8687127156481256e-7,3.85915533680249e-7,3.8786354755193994e-7,3.398676596296383e-9,2.884873310760617e-9,4.200688531196988e-9
"Bench.Data.DeBruijn.Index/thin/Inductive/[99,100]",4.120100995756433e-7,4.116176146080535e-7,4.1249588776819856e-7,1.5449206573881715e-9,1.3095149028853388e-9,1.8818066248587985e-9
"Bench.Data.DeBruijn.Index/thick/Unsafe/[0,0]",6.1350415920519954e-9,6.131733245623119e-9,6.141016685731362e-9,1.3835431936476628e-11,8.449468142689866e-12,2.2670957511615207e-11
"Bench.Data.DeBruijn.Index/thick/Unsafe/[0,1]",9.039047320919101e-9,9.031848295517276e-9,9.05071559589231e-9,3.000112792273314e-11,1.9907746544636353e-11,4.226852089055876e-11
"Bench.Data.DeBruijn.Index/thick/Unsafe/[0,100]",9.036219041696518e-9,9.030676215619692e-9,9.045369643304688e-9,2.4343457449402004e-11,1.662371720721646e-11,3.904913046920372e-11
"Bench.Data.DeBruijn.Index/thick/Unsafe/[10,0]",7.010436265877278e-9,7.00586728609092e-9,7.019919532216806e-9,2.0922076364072444e-11,1.2497888856830426e-11,3.195044003750655e-11
"Bench.Data.DeBruijn.Index/thick/Unsafe/[10,9]",7.005946373665015e-9,6.9982865488983025e-9,7.0195330491266745e-9,3.5455579191755614e-11,2.2184891202368862e-11,5.328859993493145e-11
"Bench.Data.DeBruijn.Index/thick/Unsafe/[10,10]",6.138888907979027e-9,6.132752881841452e-9,6.149193782759715e-9,2.557474572521188e-11,1.688405929124281e-11,3.543441188304067e-11
"Bench.Data.DeBruijn.Index/thick/Unsafe/[10,11]",9.031864727602072e-9,9.024541481827721e-9,9.040900895314925e-9,2.735358584299901e-11,1.9096540268753608e-11,3.635670199201225e-11
"Bench.Data.DeBruijn.Index/thick/Unsafe/[10,100]",9.041202014802959e-9,9.034202866763845e-9,9.05450478513622e-9,3.1851335240867065e-11,1.8192860568779862e-11,5.117380682905847e-11
"Bench.Data.DeBruijn.Index/thick/Unsafe/[20,0]",7.0025359308554466e-9,6.997803280800598e-9,7.008381635183476e-9,1.7552237693642583e-11,1.2462431089028117e-11,2.2562880678116836e-11
"Bench.Data.DeBruijn.Index/thick/Unsafe/[20,19]",6.997726666029217e-9,6.994206952555803e-9,7.004543235746467e-9,1.6676680053553328e-11,1.0048247072505311e-11,2.880941543911562e-11
"Bench.Data.DeBruijn.Index/thick/Unsafe/[20,20]",6.132199609158397e-9,6.1290962775532744e-9,6.137514778613e-9,1.3501433258282292e-11,7.823999536440552e-12,1.9857913387955533e-11
"Bench.Data.DeBruijn.Index/thick/Unsafe/[20,21]",9.019266678056746e-9,9.015631861861087e-9,9.027799046795972e-9,1.621240984999783e-11,1.0753610487009608e-11,2.395552899460976e-11
"Bench.Data.DeBruijn.Index/thick/Unsafe/[20,100]",9.025216305679691e-9,9.018243853757484e-9,9.039035220168773e-9,3.181655219831722e-11,1.9944346128102372e-11,5.0786141365412104e-11
"Bench.Data.DeBruijn.Index/thick/Unsafe/[30,0]",6.997974340435323e-9,6.992945045927526e-9,7.005038518946257e-9,1.9698012539388658e-11,1.4040467302194086e-11,2.6979387815729362e-11
"Bench.Data.DeBruijn.Index/thick/Unsafe/[30,29]",7.002060683467006e-9,6.9954207214104775e-9,7.012377279424233e-9,2.7666388749234807e-11,1.7570136787163054e-11,3.9848129881331936e-11
"Bench.Data.DeBruijn.Index/thick/Unsafe/[30,30]",6.138345558464654e-9,6.1321796205015094e-9,6.148091081691327e-9,2.6465175622410556e-11,1.756888533132229e-11,3.6926529100910576e-11
"Bench.Data.DeBruijn.Index/thick/Unsafe/[30,31]",9.033695605949663e-9,9.024116221518221e-9,9.062365864329508e-9,5.129647609179178e-11,2.1018967213785114e-11,1.005370479981594e-10
"Bench.Data.DeBruijn.Index/thick/Unsafe/[30,100]",9.037443532765894e-9,9.03170147325357e-9,9.047115586217239e-9,2.5151030239427588e-11,1.709279865312855e-11,3.8322130738247166e-11
"Bench.Data.DeBruijn.Index/thick/Unsafe/[40,0]",6.9969867957583275e-9,6.992029275393027e-9,7.0043804954011015e-9,2.0687016586299322e-11,1.221782802152797e-11,2.8683884142510467e-11
"Bench.Data.DeBruijn.Index/thick/Unsafe/[40,39]",6.9965038507690385e-9,6.991593292999091e-9,7.005739317349652e-9,2.09121986588976e-11,1.174744524555485e-11,3.174888903358631e-11
"Bench.Data.DeBruijn.Index/thick/Unsafe/[40,40]",6.134384692385444e-9,6.130330577247038e-9,6.141779496149238e-9,1.728261695081776e-11,9.29658442934098e-12,2.4924424094727028e-11
"Bench.Data.DeBruijn.Index/thick/Unsafe/[40,41]",9.020365553052239e-9,9.01623544668906e-9,9.027229440354293e-9,1.7733946436266173e-11,1.1353251316309043e-11,2.4676231054062826e-11
"Bench.Data.DeBruijn.Index/thick/Unsafe/[40,100]",9.03813486523379e-9,9.03281932852627e-9,9.046803884511912e-9,2.242835667434794e-11,1.474147344867881e-11,3.413548660347617e-11
"Bench.Data.DeBruijn.Index/thick/Unsafe/[50,0]",7.003081600812496e-9,6.99722555455836e-9,7.013100622077416e-9,2.576850092790029e-11,1.660939308934333e-11,4.035257358766458e-11
"Bench.Data.DeBruijn.Index/thick/Unsafe/[50,49]",7.007595362501618e-9,7.000045526745978e-9,7.0175990282570505e-9,2.9830514649103724e-11,2.031490009391871e-11,3.945354666806998e-11
"Bench.Data.DeBruijn.Index/thick/Unsafe/[50,50]",6.139987787487848e-9,6.133138955400154e-9,6.153008771955696e-9,3.1878386228456535e-11,2.0105956537540708e-11,5.100363949526243e-11
"Bench.Data.DeBruijn.Index/thick/Unsafe/[50,51]",9.038440059391092e-9,9.032674070227832e-9,9.050286385699924e-9,2.7366040961190156e-11,1.736236457073865e-11,4.5937549150481723e-11
"Bench.Data.DeBruijn.Index/thick/Unsafe/[50,100]",9.033046970222271e-9,9.0271108156624e-9,9.045713526817776e-9,2.9865090767232726e-11,2.0419536998044122e-11,4.2757704287073796e-11
"Bench.Data.DeBruijn.Index/thick/Unsafe/[60,0]",7.0020453847445925e-9,6.997803260988602e-9,7.009561860114638e-9,1.7551812945536525e-11,1.0615119069334062e-11,2.5438830772371003e-11
"Bench.Data.DeBruijn.Index/thick/Unsafe/[60,59]",6.998375411496775e-9,6.994023035954393e-9,7.005271990777351e-9,1.7682775774030316e-11,1.2073643987024921e-11,2.477326588561271e-11
"Bench.Data.DeBruijn.Index/thick/Unsafe/[60,60]",6.13446308863483e-9,6.130556654572772e-9,6.141325552828025e-9,1.7385234545124085e-11,9.967715036173534e-12,2.78336129376938e-11
"Bench.Data.DeBruijn.Index/thick/Unsafe/[60,61]",9.023674470262927e-9,9.018413924924758e-9,9.035032299272425e-9,2.3451506511719076e-11,1.4182006769263477e-11,3.842289026470968e-11
"Bench.Data.DeBruijn.Index/thick/Unsafe/[60,100]",9.036208149795872e-9,9.031377004154347e-9,9.042966166922527e-9,1.978272358740406e-11,1.3268729928458777e-11,2.69151648454246e-11
"Bench.Data.DeBruijn.Index/thick/Unsafe/[70,0]",7.005738290332859e-9,7.00055351603197e-9,7.015160555191277e-9,2.3318725107471086e-11,1.6423889605770363e-11,3.145774604500821e-11
"Bench.Data.DeBruijn.Index/thick/Unsafe/[70,69]",7.000001017453592e-9,6.99321153853421e-9,7.011189879079478e-9,2.801951441883833e-11,1.923010247570262e-11,3.947434696533745e-11
"Bench.Data.DeBruijn.Index/thick/Unsafe/[70,70]",6.138733636821094e-9,6.133662149565438e-9,6.148011100992833e-9,2.2042113138591934e-11,1.4118039635920775e-11,3.686713977317656e-11
"Bench.Data.DeBruijn.Index/thick/Unsafe/[70,71]",9.040143658258755e-9,9.032645907763391e-9,9.055538507451812e-9,3.344140839873535e-11,2.2798617360591547e-11,5.311425298534573e-11
"Bench.Data.DeBruijn.Index/thick/Unsafe/[70,100]",9.033217596221252e-9,9.027007233789576e-9,9.044389507295023e-9,2.6685473617700074e-11,1.833111570870781e-11,3.617844082260084e-11
"Bench.Data.DeBruijn.Index/thick/Unsafe/[80,0]",7.0004354070077224e-9,6.9959434101728644e-9,7.008414847660834e-9,2.0411185329612103e-11,1.2780167263332414e-11,3.291491106211191e-11
"Bench.Data.DeBruijn.Index/thick/Unsafe/[80,79]",7.00286489735677e-9,6.998818699221637e-9,7.010132516390684e-9,1.7355977479802414e-11,1.0601584256111145e-11,2.676547770762661e-11
"Bench.Data.DeBruijn.Index/thick/Unsafe/[80,80]",6.133439743552141e-9,6.13007844628435e-9,6.140286701231871e-9,1.5828510058546346e-11,8.061225653929705e-12,2.554616331249356e-11
"Bench.Data.DeBruijn.Index/thick/Unsafe/[80,81]",9.022133056867963e-9,9.017647686482865e-9,9.030458671966403e-9,1.9714823768888963e-11,9.936964148479673e-12,3.1540034337960274e-11
"Bench.Data.DeBruijn.Index/thick/Unsafe/[80,100]",9.042005567072302e-9,9.032404595455982e-9,9.06078455025912e-9,4.1706840220150464e-11,2.668718931856951e-11,6.754226336946667e-11
"Bench.Data.DeBruijn.Index/thick/Unsafe/[90,0]",7.007912663950819e-9,7.000092590808178e-9,7.0206923319048906e-9,3.277098400936322e-11,1.9447079744910736e-11,4.665859678245105e-11
"Bench.Data.DeBruijn.Index/thick/Unsafe/[90,89]",7.004981004879558e-9,6.997470951015416e-9,7.018246465165486e-9,3.1316280287754415e-11,1.8407556595812585e-11,4.803291122794312e-11
"Bench.Data.DeBruijn.Index/thick/Unsafe/[90,90]",6.142773744102335e-9,6.136596423311796e-9,6.152129566704149e-9,2.5078866811638455e-11,1.6345027796847078e-11,3.706555647912763e-11
"Bench.Data.DeBruijn.Index/thick/Unsafe/[90,91]",9.03225260184039e-9,9.02530336300816e-9,9.043251765522723e-9,2.8277245603261222e-11,1.9295587808290582e-11,3.68920377552216e-11
"Bench.Data.DeBruijn.Index/thick/Unsafe/[90,100]",9.02967956379568e-9,9.023337005790116e-9,9.043394227601103e-9,2.9938462085294276e-11,1.671140691035307e-11,5.0616238585939676e-11
"Bench.Data.DeBruijn.Index/thick/Unsafe/[100,0]",7.000175426369586e-9,6.994704399710409e-9,7.0099085699978285e-9,2.5033230064428183e-11,1.5927859568377194e-11,3.761764340926526e-11
"Bench.Data.DeBruijn.Index/thick/Unsafe/[100,99]",7.002957144034164e-9,6.9982802218252515e-9,7.011540114561998e-9,2.0746922041391523e-11,1.478203122460689e-11,3.0428236462940814e-11
"Bench.Data.DeBruijn.Index/thick/Unsafe/[100,100]",6.133496180456029e-9,6.130340149934024e-9,6.139878792616966e-9,1.4484236065787038e-11,7.739696674124653e-12,2.710455051540086e-11
"Bench.Data.DeBruijn.Index/thick/Unsafe/[1,0]",7.001108738523156e-9,6.996525596970616e-9,7.013732238262564e-9,2.2309601606867293e-11,1.1314365441600886e-11,4.440375330117786e-11
"Bench.Data.DeBruijn.Index/thick/Unsafe/[0,10]",9.036301151419283e-9,9.031231121201811e-9,9.043474146478191e-9,2.048877443986786e-11,1.4000986664277605e-11,3.0251625274939184e-11
"Bench.Data.DeBruijn.Index/thick/Unsafe/[9,10]",9.036484488994403e-9,9.028545806777978e-9,9.049928651117317e-9,3.551068743265376e-11,2.140095117451553e-11,5.510197666359462e-11
"Bench.Data.DeBruijn.Index/thick/Unsafe/[11,10]",7.004069269926425e-9,6.997745765544143e-9,7.014991916068524e-9,2.7715608568381122e-11,2.0062513647044566e-11,3.6478729940944716e-11
"Bench.Data.DeBruijn.Index/thick/Unsafe/[100,10]",7.006767452942441e-9,6.999524551572299e-9,7.020043366958219e-9,3.244001403706848e-11,2.188104590871921e-11,4.5533608350799135e-11
"Bench.Data.DeBruijn.Index/thick/Unsafe/[0,20]",9.041201951491874e-9,9.036370397860391e-9,9.04742056921777e-9,1.8455603209104624e-11,1.2790951310297088e-11,2.436509466021596e-11
"Bench.Data.DeBruijn.Index/thick/Unsafe/[19,20]",9.036138207224976e-9,9.02813693879071e-9,9.047797863712334e-9,3.251445525626435e-11,2.2057946819379704e-11,4.353964390718996e-11
"Bench.Data.DeBruijn.Index/thick/Unsafe/[21,20]",7.006177800590423e-9,7.002184061127387e-9,7.01188918117871e-9,1.585167455289202e-11,1.0331576701545857e-11,2.2311781080473105e-11
"Bench.Data.DeBruijn.Index/thick/Unsafe/[100,20]",7.001319787214228e-9,6.997745004291029e-9,7.009501421048171e-9,1.8061560854417795e-11,1.0490564979523568e-11,2.7901812793016235e-11
"Bench.Data.DeBruijn.Index/thick/Unsafe/[0,30]",9.02098110924819e-9,9.017028756581227e-9,9.027422260659524e-9,1.7821285657207664e-11,1.0787452122694337e-11,2.5928176855110216e-11
"Bench.Data.DeBruijn.Index/thick/Unsafe/[29,30]",9.132205368348946e-9,9.058945332274104e-9,9.276980862239302e-9,3.3488600354082725e-10,1.5478011086880078e-10,5.432154874372767e-10
"Bench.Data.DeBruijn.Index/thick/Unsafe/[31,30]",7.005685465338204e-9,7.000265993733616e-9,7.013514941511107e-9,2.224252182372944e-11,1.476764476140822e-11,3.197983186614548e-11
"Bench.Data.DeBruijn.Index/thick/Unsafe/[100,30]",7.0150280485555765e-9,7.007128440128402e-9,7.02824992795713e-9,3.456593712731614e-11,2.3508809742844385e-11,4.778594032812717e-11
"Bench.Data.DeBruijn.Index/thick/Unsafe/[0,40]",9.037809159850815e-9,9.03026490704537e-9,9.057208461209405e-9,3.6301814979001394e-11,1.719100597558653e-11,7.694272404708798e-11
"Bench.Data.DeBruijn.Index/thick/Unsafe/[39,40]",9.028158440460472e-9,9.0212865111752e-9,9.042446745455908e-9,3.1113627831065094e-11,1.7822560887531165e-11,5.3966024414817514e-11
"Bench.Data.DeBruijn.Index/thick/Unsafe/[41,40]",7.011532715546916e-9,7.005427517411932e-9,7.020926581086304e-9,2.5081814507737744e-11,1.8630658221172625e-11,3.395063313604023e-11
"Bench.Data.DeBruijn.Index/thick/Unsafe/[100,40]",7.013316586606503e-9,7.005859509854833e-9,7.025785631823636e-9,3.22111589485111e-11,2.1129746470861004e-11,4.621890972945449e-11
"Bench.Data.DeBruijn.Index/thick/Unsafe/[0,50]",9.031590876106338e-9,9.024177337590019e-9,9.046017176649892e-9,3.487655630719199e-11,2.0419081815545308e-11,5.212995083709652e-11
"Bench.Data.DeBruijn.Index/thick/Unsafe/[49,50]",9.017182828015492e-9,9.015758221165003e-9,9.018583173290903e-9,4.947132416031645e-12,4.16410424676912e-12,6.209893838480971e-12
"Bench.Data.DeBruijn.Index/thick/Unsafe/[51,50]",7.0093356069910836e-9,7.002876505678107e-9,7.019136251659563e-9,2.6855443683097354e-11,2.0411122530213327e-11,3.491940816067926e-11
"Bench.Data.DeBruijn.Index/thick/Unsafe/[100,50]",7.001243195983131e-9,6.995328932763599e-9,7.014603779618304e-9,2.872924814456334e-11,1.8671747137144787e-11,4.341487565156084e-11
"Bench.Data.DeBruijn.Index/thick/Unsafe/[0,60]",9.031607799320916e-9,9.023790053570004e-9,9.046241556215649e-9,3.5954351546310706e-11,2.2530582533459813e-11,5.7980980008429933e-11
"Bench.Data.DeBruijn.Index/thick/Unsafe/[59,60]",9.044559442766835e-9,9.036831614513798e-9,9.057109040329788e-9,3.329227102247799e-11,2.2271679223528326e-11,4.605717245800345e-11
"Bench.Data.DeBruijn.Index/thick/Unsafe/[61,60]",7.014847701759652e-9,7.006247811345825e-9,7.030433089719631e-9,3.662596213140111e-11,2.4420336703770126e-11,5.422407847896646e-11
"Bench.Data.DeBruijn.Index/thick/Unsafe/[100,60]",7.009222868909258e-9,7.001773305538939e-9,7.022008901549505e-9,3.25394365977657e-11,1.7373985651988234e-11,5.7587165518119695e-11
"Bench.Data.DeBruijn.Index/thick/Unsafe/[0,70]",9.031617794729572e-9,9.028031261867305e-9,9.03719336405243e-9,1.4995244585069844e-11,1.0055005495933828e-11,2.3484789066931686e-11
"Bench.Data.DeBruijn.Index/thick/Unsafe/[69,70]",9.02126404335008e-9,9.017506410439279e-9,9.02848314742548e-9,1.710555694134072e-11,9.931528007146312e-12,2.6947901814420855e-11
"Bench.Data.DeBruijn.Index/thick/Unsafe/[71,70]",6.9968710066514e-9,6.991350731446639e-9,7.0085761519054004e-9,2.6300118758241292e-11,1.5633262082269113e-11,4.060940536327811e-11
"Bench.Data.DeBruijn.Index/thick/Unsafe/[100,70]",7.002697390627303e-9,6.9976032024229924e-9,7.0099162431974e-9,2.069422276240806e-11,1.2839172393580608e-11,2.894375355082911e-11
"Bench.Data.DeBruijn.Index/thick/Unsafe/[0,80]",9.031428783323835e-9,9.026752206303115e-9,9.039139226640222e-9,2.0630283992034002e-11,1.4139250861576499e-11,3.130043855331391e-11
"Bench.Data.DeBruijn.Index/thick/Unsafe/[79,80]",9.027632826139136e-9,9.021279609533273e-9,9.039194856554128e-9,3.0373531126646984e-11,1.8422475235685958e-11,4.489419533423988e-11
"Bench.Data.DeBruijn.Index/thick/Unsafe/[81,80]",7.004028980794087e-9,6.997598834260247e-9,7.0164653326278316e-9,2.879652927423385e-11,1.6984632412647958e-11,4.9210454128246755e-11
"Bench.Data.DeBruijn.Index/thick/Unsafe/[100,80]",7.01154602712484e-9,7.00425314727547e-9,7.023826840521694e-9,3.31533417042543e-11,2.072059872530751e-11,4.895052516172215e-11
"Bench.Data.DeBruijn.Index/thick/Unsafe/[0,90]",9.031070790556416e-9,9.023491741997176e-9,9.041952948631853e-9,2.9226278167250235e-11,2.0556233172053452e-11,4.10066182248689e-11
"Bench.Data.DeBruijn.Index/thick/Unsafe/[89,90]",9.030854925742944e-9,9.022376861326634e-9,9.058160861565517e-9,4.7142985540914136e-11,1.9603189549239233e-11,9.063948110706071e-11
"Bench.Data.DeBruijn.Index/thick/Unsafe/[91,90]",7.0064379566365485e-9,7.002073473726272e-9,7.013915006188054e-9,1.8647497227959795e-11,1.2501751804337608e-11,3.006970836690847e-11
"Bench.Data.DeBruijn.Index/thick/Unsafe/[100,90]",7.005138088353471e-9,7.001659982590975e-9,7.014588631083455e-9,1.794682225316168e-11,1.0226096884127904e-11,2.921719406262175e-11
"Bench.Data.DeBruijn.Index/thick/Unsafe/[99,100]",9.027349735882919e-9,9.022660282482742e-9,9.039982153996143e-9,2.4114714554197577e-11,1.1847277412677136e-11,4.496000979758493e-11
"Bench.Data.DeBruijn.Index/thick/Inductive/[0,0]",6.6907257303094656e-9,6.687448218067249e-9,6.6968165919549015e-9,1.4445900819737406e-11,8.473067551433912e-12,2.1551246837101728e-11
"Bench.Data.DeBruijn.Index/thick/Inductive/[0,1]",8.382524797488844e-9,8.377365761872367e-9,8.396441607866765e-9,2.6162491233351034e-11,1.2724176659843317e-11,4.851563954266225e-11
"Bench.Data.DeBruijn.Index/thick/Inductive/[0,100]",1.2963299913041288e-7,1.29583993651823e-7,1.2975015645024184e-7,2.4735665835137173e-10,1.1742727046549738e-10,4.445347691644152e-10
"Bench.Data.DeBruijn.Index/thick/Inductive/[10,0]",9.20916339044963e-9,9.202310070525242e-9,9.223349895004904e-9,3.075701444180664e-11,1.8684787642270608e-11,5.3610529221402e-11
"Bench.Data.DeBruijn.Index/thick/Inductive/[10,9]",5.3108452423262906e-8,5.301336028336194e-8,5.3321906360508216e-8,4.6500724715518353e-10,2.5120034743472585e-10,7.820439163463955e-10
"Bench.Data.DeBruijn.Index/thick/Inductive/[10,10]",3.461316109009183e-8,3.457081037212482e-8,3.4667294252240194e-8,1.673208223798227e-10,1.3458016846717244e-10,2.3849263983195546e-10
"Bench.Data.DeBruijn.Index/thick/Inductive/[10,11]",5.7925769687229655e-8,5.783838363367187e-8,5.8067040069250865e-8,3.690883799678957e-10,2.5819114395754615e-10,5.034684383926456e-10
"Bench.Data.DeBruijn.Index/thick/Inductive/[10,100]",1.787498941026025e-7,1.7833270078496246e-7,1.7900247703342515e-7,1.13791359951832e-9,5.45723170237501e-10,2.0492474850572678e-9
"Bench.Data.DeBruijn.Index/thick/Inductive/[20,0]",9.219045653320055e-9,9.207039905294767e-9,9.238219954520945e-9,4.840905110490422e-11,3.059294238906026e-11,7.365265667010137e-11
"Bench.Data.DeBruijn.Index/thick/Inductive/[20,19]",1.0208100695546686e-7,1.0125146496100474e-7,1.0366418034833295e-7,4.047908021864145e-9,2.480112470487318e-9,5.80458268723853e-9
"Bench.Data.DeBruijn.Index/thick/Inductive/[20,20]",6.307632647517877e-8,6.29741325044447e-8,6.31795455516045e-8,3.456029518951644e-10,2.542339391292266e-10,4.3858580326373467e-10
"Bench.Data.DeBruijn.Index/thick/Inductive/[20,21]",1.1896607738101417e-7,1.161708082745355e-7,1.2268426861519623e-7,1.11858965563583e-8,8.539792189973647e-9,1.3154041512288603e-8
"Bench.Data.DeBruijn.Index/thick/Inductive/[20,100]",2.1690099628472925e-7,2.1402356657910425e-7,2.208229121363209e-7,1.1370259492349961e-8,9.312619577788257e-9,1.2622106554519669e-8
"Bench.Data.DeBruijn.Index/thick/Inductive/[30,0]",9.203531510672932e-9,9.199030908295113e-9,9.211092019178677e-9,1.9400303821333262e-11,1.2940081826923367e-11,2.6780132315816523e-11
"Bench.Data.DeBruijn.Index/thick/Inductive/[30,29]",2.0212218827615715e-7,2.009420327998939e-7,2.0273576545003566e-7,2.7925885095381304e-9,1.443205349525439e-9,4.83218159359094e-9
"Bench.Data.DeBruijn.Index/thick/Inductive/[30,30]",8.847137631333693e-8,8.817731688615603e-8,8.873940081460084e-8,9.296605183346349e-10,8.520860683870645e-10,9.879524715664428e-10
"Bench.Data.DeBruijn.Index/thick/Inductive/[30,31]",1.9233955928576936e-7,1.9129596924745868e-7,1.933104369064809e-7,3.5057188723959066e-9,3.1208547089996215e-9,3.797812364814733e-9
"Bench.Data.DeBruijn.Index/thick/Inductive/[30,100]",2.8013675564729644e-7,2.793474225055325e-7,2.805083638180482e-7,1.7002610904191866e-9,9.901628656750456e-10,2.739926501995331e-9
"Bench.Data.DeBruijn.Index/thick/Inductive/[40,0]",9.213859911792651e-9,9.204196507075161e-9,9.237375181273998e-9,4.658576963690719e-11,2.510751554217351e-11,8.434196299148245e-11
"Bench.Data.DeBruijn.Index/thick/Inductive/[40,39]",2.605711505432618e-7,2.5627219190357754e-7,2.643949982461031e-7,1.3478129586908236e-8,1.0626941089009628e-8,1.565289283335193e-8
"Bench.Data.DeBruijn.Index/thick/Inductive/[40,40]",1.3177314622491694e-7,1.3045871239255618e-7,1.340300631582554e-7,5.6574897377905424e-9,4.006173476778442e-9,7.861281734092878e-9
"Bench.Data.DeBruijn.Index/thick/Inductive/[40,41]",2.573168530337985e-7,2.5502628537954985e-7,2.588754562146441e-7,6.553630074229529e-9,5.1765256693391824e-9,7.842057738276785e-9
"Bench.Data.DeBruijn.Index/thick/Inductive/[40,100]",3.295778731429186e-7,3.26872944425672e-7,3.3161170090059806e-7,8.003973893749964e-9,5.49522437904997e-9,1.1336761879168635e-8
"Bench.Data.DeBruijn.Index/thick/Inductive/[50,0]",9.214181361121089e-9,9.204057383860374e-9,9.232896725974701e-9,4.397706804263403e-11,2.331682357049076e-11,6.92032206706978e-11
"Bench.Data.DeBruijn.Index/thick/Inductive/[50,49]",3.262205715068196e-7,3.177524419120798e-7,3.3274410000967793e-7,2.6365497339459592e-8,2.237381863204967e-8,2.8813197391314694e-8
"Bench.Data.DeBruijn.Index/thick/Inductive/[50,50]",1.7339493126625272e-7,1.6750932234159594e-7,1.7794352400926878e-7,1.679491043023589e-8,1.35142213689811e-8,1.9872385874614826e-8
"Bench.Data.DeBruijn.Index/thick/Inductive/[50,51]",3.339642214905578e-7,3.324651627863887e-7,3.35275307206135e-7,4.771810961163944e-9,4.028500936449804e-9,5.68625976929737e-9
"Bench.Data.DeBruijn.Index/thick/Inductive/[50,100]",3.925962643979438e-7,3.911360231716397e-7,3.9364028047199776e-7,4.148597949030985e-9,3.4395636539879403e-9,5.389769995001927e-9
"Bench.Data.DeBruijn.Index/thick/Inductive/[60,0]",9.20606560256999e-9,9.200573055349592e-9,9.21973909863053e-9,2.7623592730139227e-11,1.2001307235224258e-11,5.025529211782189e-11
"Bench.Data.DeBruijn.Index/thick/Inductive/[60,59]",4.111736373811439e-7,4.0334544581921614e-7,4.153143092864004e-7,1.7430284402760255e-8,9.770184906876707e-9,2.7196886256592722e-8
"Bench.Data.DeBruijn.Index/thick/Inductive/[60,60]",1.9788931751050873e-7,1.9087525230351608e-7,2.0338353910759837e-7,2.1454535064163427e-8,1.8744037804849976e-8,2.30733881846332e-8
"Bench.Data.DeBruijn.Index/thick/Inductive/[60,61]",4.05205440782043e-7,4.0028568755346474e-7,4.0831462213448466e-7,1.3721175728074967e-8,8.106289242597483e-9,2.1436832871262108e-8
"Bench.Data.DeBruijn.Index/thick/Inductive/[60,100]",4.395226207373528e-7,4.331095339003781e-7,4.4284897283683097e-7,1.503664190120322e-8,7.606988751428692e-9,2.374066069810871e-8
"Bench.Data.DeBruijn.Index/thick/Inductive/[70,0]",9.20796501546049e-9,9.202545797294182e-9,9.221183597836656e-9,2.5939425220367582e-11,1.514752206886589e-11,4.668117893227905e-11
"Bench.Data.DeBruijn.Index/thick/Inductive/[70,69]",4.591665001467318e-7,4.455283795845519e-7,4.7116205204828985e-7,4.311639125778284e-8,3.6960416430313776e-8,4.648862735366028e-8
"Bench.Data.DeBruijn.Index/thick/Inductive/[70,70]",2.4247670410182045e-7,2.334867214855261e-7,2.509707787785297e-7,3.0432773084468305e-8,2.53349546586674e-8,3.4547384683275785e-8
"Bench.Data.DeBruijn.Index/thick/Inductive/[70,71]",4.73577824459878e-7,4.679910119667328e-7,4.763437150539972e-7,1.3398219975507861e-8,4.15878087047021e-9,2.2907788534145132e-8
"Bench.Data.DeBruijn.Index/thick/Inductive/[70,100]",4.990007201139851e-7,4.952098628591344e-7,5.01079156812117e-7,9.081236724741835e-9,4.822590317815909e-9,1.4392702914751175e-8
"Bench.Data.DeBruijn.Index/thick/Inductive/[80,0]",9.213409172176276e-9,9.207086536757678e-9,9.227839752055093e-9,3.0811343982579585e-11,1.886619166282462e-11,5.351918626261245e-11
"Bench.Data.DeBruijn.Index/thick/Inductive/[80,79]",5.595155136757376e-7,5.541723495898942e-7,5.630987040352659e-7,1.4953248756974338e-8,9.000768485082598e-9,2.213081707691502e-8
"Bench.Data.DeBruijn.Index/thick/Inductive/[80,80]",2.4870790997098584e-7,2.3773606298060037e-7,2.594546880197201e-7,3.901201104815306e-8,3.5166032409690536e-8,4.1585549633952106e-8
"Bench.Data.DeBruijn.Index/thick/Inductive/[80,81]",5.498715204621567e-7,5.40692852378843e-7,5.543825130933834e-7,2.024153314440848e-8,1.3257494945385077e-8,2.9408562678321697e-8
"Bench.Data.DeBruijn.Index/thick/Inductive/[80,100]",5.701835972481046e-7,5.635355609760919e-7,5.900867913825067e-7,3.5146657729310757e-8,1.6384676995542744e-8,7.04265583951083e-8
"Bench.Data.DeBruijn.Index/thick/Inductive/[90,0]",9.21676170641454e-9,9.207575138147663e-9,9.232195923342985e-9,4.078777874334849e-11,2.439803534687459e-11,6.249748044570236e-11
"Bench.Data.DeBruijn.Index/thick/Inductive/[90,89]",6.202902860131079e-7,6.059030897692472e-7,6.292422919564303e-7,3.784728612482591e-8,2.332148760030159e-8,5.4959139388074257e-8
"Bench.Data.DeBruijn.Index/thick/Inductive/[90,90]",2.944959367533057e-7,2.7838711203861867e-7,3.107324311078744e-7,5.103439898768661e-8,4.821806043571196e-8,5.40247635576465e-8
"Bench.Data.DeBruijn.Index/thick/Inductive/[90,91]",6.191391042024598e-7,6.121505590979728e-7,6.22511101656317e-7,1.4861835422452519e-8,8.284985771676151e-9,2.6323581873540857e-8
"Bench.Data.DeBruijn.Index/thick/Inductive/[90,100]",6.26250980993877e-7,6.200289358892813e-7,6.296916150091548e-7,1.5394320216957657e-8,8.704222002417206e-9,2.530250628441957e-8
"Bench.Data.DeBruijn.Index/thick/Inductive/[100,0]",9.208430755281523e-9,9.20400241240345e-9,9.215539581075363e-9,1.840310798836943e-11,1.2137833428786146e-11,2.7862610933824588e-11
"Bench.Data.DeBruijn.Index/thick/Inductive/[100,99]",6.991279470448323e-7,6.939257325686384e-7,7.022780046507661e-7,1.3145335581410193e-8,8.366730105728709e-9,1.8129220367639226e-8
"Bench.Data.DeBruijn.Index/thick/Inductive/[100,100]",3.67488103538952e-7,3.5280926851639616e-7,3.799394626603243e-7,4.641574241595785e-8,3.347447071979242e-8,5.710038343725233e-8
"Bench.Data.DeBruijn.Index/thick/Inductive/[1,0]",8.930593514918e-9,8.924797581145069e-9,8.943082320738488e-9,2.593352909908557e-11,1.2176601265338696e-11,4.199972994955893e-11
"Bench.Data.DeBruijn.Index/thick/Inductive/[0,10]",1.4300544674695644e-8,1.426365534847311e-8,1.4342077747130594e-8,1.325184117499102e-10,1.2391948055247084e-10,1.3971520112297704e-10
"Bench.Data.DeBruijn.Index/thick/Inductive/[9,10]",5.3440284763632315e-8,5.3379945023656186e-8,5.36051958313317e-8,3.071675475223236e-10,1.718244331862178e-10,5.786894731253872e-10
"Bench.Data.DeBruijn.Index/thick/Inductive/[11,10]",5.74936956794743e-8,5.743213324693393e-8,5.7590992987233126e-8,2.711786976511661e-10,1.9325246950493258e-10,3.651410118788204e-10
"Bench.Data.DeBruijn.Index/thick/Inductive/[100,10]",5.783938042698064e-8,5.775288565697022e-8,5.7974383841642264e-8,3.432152028415114e-10,2.5217810503384936e-10,5.322992046915885e-10
"Bench.Data.DeBruijn.Index/thick/Inductive/[0,20]",1.994045312838342e-8,1.992141868911078e-8,1.9957690536061956e-8,6.486221060450371e-11,4.6292829721772665e-11,9.102668545840963e-11
"Bench.Data.DeBruijn.Index/thick/Inductive/[19,20]",1.0924875756014497e-7,1.0906175604107328e-7,1.095760640812385e-7,8.115693998492157e-10,5.386714726163382e-10,1.2459107437402434e-9
"Bench.Data.DeBruijn.Index/thick/Inductive/[21,20]",1.1834199386909015e-7,1.1605540281879037e-7,1.202761359971686e-7,6.834424721352406e-9,5.333606687828003e-9,8.005979315341931e-9
"Bench.Data.DeBruijn.Index/thick/Inductive/[100,20]",1.127980603909777e-7,1.0913488405009706e-7,1.1725316928266817e-7,1.3046342747565573e-8,1.0134789491782697e-8,1.5098781629429152e-8
"Bench.Data.DeBruijn.Index/thick/Inductive/[0,30]",2.5454192500444558e-8,2.5432300614230563e-8,2.5471321565753323e-8,6.506983187143604e-11,5.079130652322027e-11,8.516092864694345e-11
"Bench.Data.DeBruijn.Index/thick/Inductive/[29,30]",1.8913049489155694e-7,1.882150071771146e-7,1.895575258354091e-7,2.0632017507881156e-9,1.037636571767134e-9,3.7201673368544994e-9
"Bench.Data.DeBruijn.Index/thick/Inductive/[31,30]",2.0503062644726945e-7,2.0208356872999628e-7,2.07185958978991e-7,8.73419235814938e-9,6.6859030987153405e-9,1.0562338012667359e-8
"Bench.Data.DeBruijn.Index/thick/Inductive/[100,30]",2.1147740052432616e-7,2.1020885351165112e-7,2.1193646764801758e-7,2.3727446851090546e-9,1.0017976856522374e-9,4.4519011362991724e-9
"Bench.Data.DeBruijn.Index/thick/Inductive/[0,40]",3.2091617170637415e-8,3.207319467835133e-8,3.214089266703966e-8,9.529976567195785e-11,4.785195775618824e-11,1.7365215749264413e-10
"Bench.Data.DeBruijn.Index/thick/Inductive/[39,40]",2.4770332909904645e-7,2.461709370889655e-7,2.489883839861762e-7,4.553579669865483e-9,3.75670791096258e-9,5.638355684911418e-9
"Bench.Data.DeBruijn.Index/thick/Inductive/[41,40]",2.729523242048366e-7,2.6865201240824114e-7,2.75361954353846e-7,1.0238724404335905e-8,6.428703070039312e-9,1.4847372200374192e-8
"Bench.Data.DeBruijn.Index/thick/Inductive/[100,40]",2.7830513202770966e-7,2.7610561106414725e-7,2.7905539137723864e-7,3.6269108855084323e-9,1.4022813040482983e-9,6.539459533281046e-9
"Bench.Data.DeBruijn.Index/thick/Inductive/[0,50]",4.380499622876728e-8,4.379177967790606e-8,4.382985554387062e-8,5.782748925646964e-11,3.1139771756743836e-11,9.508828257617047e-11
"Bench.Data.DeBruijn.Index/thick/Inductive/[49,50]",3.2078410352374064e-7,3.180616518836057e-7,3.223972942135673e-7,7.140640138209038e-9,4.66884062236125e-9,1.2846874956516024e-8
"Bench.Data.DeBruijn.Index/thick/Inductive/[51,50]",3.469347827262752e-7,3.422724019071244e-7,3.4951403060906753e-7,1.1349242408618482e-8,6.406733854453775e-9,2.0457383442138065e-8
"Bench.Data.DeBruijn.Index/thick/Inductive/[100,50]",3.4796045306774496e-7,3.438439636320606e-7,3.5006296618754936e-7,8.829975017720201e-9,4.926282261588777e-9,1.4463604908759849e-8
"Bench.Data.DeBruijn.Index/thick/Inductive/[0,60]",5.61569139643076e-8,5.612328760665223e-8,5.6194749262194665e-8,1.160269364552983e-10,1.0031441507992295e-10,1.339366022429102e-10
"Bench.Data.DeBruijn.Index/thick/Inductive/[59,60]",3.9129170635107403e-7,3.846570971749003e-7,3.9510935466017434e-7,1.7088282979811044e-8,1.1718362138461848e-8,2.3421830242150472e-8
"Bench.Data.DeBruijn.Index/thick/Inductive/[61,60]",4.0992085312751915e-7,4.007139622247655e-7,4.1524168403842276e-7,2.1746004270926787e-8,1.5300920095392172e-8,3.031194232444395e-8
"Bench.Data.DeBruijn.Index/thick/Inductive/[100,60]",4.16713267938331e-7,4.0961493784387763e-7,4.2064441875647234e-7,1.8066829318830266e-8,1.052558840802393e-8,3.2483270574454873e-8
"Bench.Data.DeBruijn.Index/thick/Inductive/[0,70]",9.20571643499277e-8,9.200948163351104e-8,9.214641890252946e-8,2.188461789610349e-10,1.3236584204791216e-10,3.2266690829263653e-10
"Bench.Data.DeBruijn.Index/thick/Inductive/[69,70]",4.822647567534392e-7,4.7280262084229e-7,5.006064039353847e-7,4.117443726609487e-8,2.2653907739407937e-8,7.168458011251403e-8
"Bench.Data.DeBruijn.Index/thick/Inductive/[71,70]",4.895445481833725e-7,4.796043291884125e-7,4.942727241836564e-7,2.2449827781578725e-8,1.3526859230979485e-8,3.5047000084173035e-8
"Bench.Data.DeBruijn.Index/thick/Inductive/[100,70]",4.808583868257938e-7,4.702022450467632e-7,4.897832931894352e-7,3.144131983910252e-8,2.2794100228371532e-8,3.95897250112222e-8
"Bench.Data.DeBruijn.Index/thick/Inductive/[0,80]",1.0452355099211223e-7,1.0448805897147837e-7,1.045904047020318e-7,1.5243171748389348e-10,9.780389072453616e-11,2.454509248628691e-10
"Bench.Data.DeBruijn.Index/thick/Inductive/[79,80]",5.488679119224123e-7,5.452004922222333e-7,5.512513674842168e-7,1.0418111495357346e-8,6.857829588576082e-9,1.4960289170415875e-8
"Bench.Data.DeBruijn.Index/thick/Inductive/[81,80]",5.662356377205833e-7,5.580491763451517e-7,5.699404166822858e-7,1.785455660969985e-8,8.714614635024857e-9,3.144328693182756e-8
"Bench.Data.DeBruijn.Index/thick/Inductive/[100,80]",5.692544227850474e-7,5.642757981476552e-7,5.72288629011266e-7,1.3452849219117909e-8,8.411876039613332e-9,1.8690771393693987e-8
"Bench.Data.DeBruijn.Index/thick/Inductive/[0,90]",1.1703929182909291e-7,1.1700395362482669e-7,1.1710718348996438e-7,1.5265247675248648e-10,7.908424931119108e-11,2.4298726766541636e-10
"Bench.Data.DeBruijn.Index/thick/Inductive/[89,90]",6.10394300510838e-7,6.003688084511866e-7,6.160092901437155e-7,2.4638559235855886e-8,1.594762911900762e-8,3.969109030115653e-8
"Bench.Data.DeBruijn.Index/thick/Inductive/[91,90]",6.340132031185851e-7,6.221367480627089e-7,6.397546744070332e-7,2.5794309033839355e-8,1.4671806227018146e-8,4.506455972605666e-8
"Bench.Data.DeBruijn.Index/thick/Inductive/[100,90]",6.366176306153184e-7,6.262082506417733e-7,6.415969054200977e-7,2.4392426219896163e-8,1.5288183782488335e-8,4.080101392547118e-8
"Bench.Data.DeBruijn.Index/thick/Inductive/[99,100]",6.786287781293903e-7,6.644380352040804e-7,6.855634846679794e-7,3.2825911056239434e-8,1.9105045223302355e-8,5.174430205662181e-8
